newsComments,newsDate,newsTitle,newsUrl
30,3 October 2020,It looks like Need for Speed: Hot Pursuit Remastered will be announced on Monday	,https://www.eurogamer.net/articles/2020-10-03-it-looks-like-need-for-speed-hot-pursuit-remastered-will-be-announced-on-monday
5,3 October 2020,Steve and Alex from Minecraft hit Super Smash Bros. Ultimate on 14th October	,https://www.eurogamer.net/articles/2020-10-03-steve-and-alex-from-minecraft-hit-super-smash-bros-ultimate-on-14th-october
20,27 September 2020,Animal Crossing: New Horizons is Tokyo Game Show's Game of the Year	,https://www.eurogamer.net/articles/2020-09-27-animal-crossing-new-horizons-is-tokyo-game-shows-game-of-the-year
37,28 September 2020,Transformers: Battlegrounds is XCOM in disguise	,https://www.eurogamer.net/articles/2020-09-28-transformers-battlegrounds-is-xcom-in-disguise
62,28 September 2020,Super Mario All-Stars physical copies outsold Avengers in September	,https://www.eurogamer.net/articles/2020-09-28-super-mario-all-stars-physical-copies-outsold-avengers-in-september
1,28 September 2020,Amazon Prime Day gaming deals 2020: date confirmed and offers to expect	,https://www.eurogamer.net/articles/best-amazon-prime-day-gaming-deals-6036
0,28 September 2020,"FIFA 21 best wingers - the best LW, best RW, and best LM and RMs in FIFA	",https://www.eurogamer.net/articles/fifa-20-best-wingers-lw-rw-lm-rm-7121
0,28 September 2020,FIFA 21 best strikers - the best ST and CFs in FIFA	,https://www.eurogamer.net/articles/fifa-21-best-strikers-st-cf-7121
5,3 October 2020,Minecraft's next big update Caves & Cliffs launches summer 2021	,https://www.eurogamer.net/articles/2020-10-03-minecrafts-next-big-update-caves-and-cliffs-launches-summer-2021
7,4 October 2020,The Dictionary of Imaginary Places complicates the idea of a fantasy location	,https://www.eurogamer.net/articles/2020-10-03-the-dictionary-of-imaginary-places-complicates-the-idea-of-a-fantasy-location
0,16 September 2020,Cat Mario and Cat Peach amiibo are now available to pre-order	,https://www.eurogamer.net/articles/cat-mario-amiibo-cat-peach-amiibo-pre-order
40,26 September 2020,FIFA pro says he won't buy FIFA Points for FIFA 21	,https://www.eurogamer.net/articles/2020-09-26-german-football-clubs-fifa-pro-says-he-wont-buy-fifa-points-for-fifa-21
22,12 August 2020,"Yes, Shin Megami Tensei 3: Nocturne HD Remaster features Dante from the Devil May Cry series	",https://www.eurogamer.net/articles/2020-08-12-featuring-dante-from-the-devil-may-cry-series-shin-megami-tensei-3-nocturne-hd-remaster
7,27 September 2020,Dynasty Warriors 9 Empires is out next year	,https://www.eurogamer.net/articles/2020-09-27-dynasty-warriors-9-empires-is-out-next-year
16,26 August 2020,Gamescom 2020 schedule guide: All gamescom conference dates and times explained	,https://www.eurogamer.net/articles/gamescom-2020-conferences-schedule-live-streams-6041
5,28 July 2020,"Animal Crossing gets fireworks, dreams, island backups in next update	",https://www.eurogamer.net/articles/2020-07-28-animal-crossing-gets-fireworks-dreams-island-backups-in-next-update
0,7 September 2020,Nintendo Switch Black Friday deals 2020: What to expect	,https://www.eurogamer.net/articles/nintendo-switch-black-friday-deals
2,25 August 2020,"Warframe's Heart of Deimos update is out today, adds hellish new open-world area	",https://www.eurogamer.net/articles/2020-08-25-warframes-heart-of-deimos-update-adds-hellish-new-open-world-area-and-is-out-today
34,16 September 2020,Nintendo Direct Mini: Partner Showcase announced for tomorrow	,https://www.eurogamer.net/articles/2020-09-16-nintendo-direct-mini-partner-showcase-announced-for-tomorrow
27,25 August 2020,Netflix's animated Dragon's Dogma series gets first trailer	,https://www.eurogamer.net/articles/2020-08-25-netflixs-animated-dragons-dogma-series-gets-its-first-trailer
38,26 August 2020,Someone should make a game about: wheelchair mobilisation	,https://www.eurogamer.net/articles/2020-08-26-someone-should-make-a-game-about-wheelchair-mobilisation
24,26 August 2020,Puyo Puyo Tetris 2 coming to Nintendo Switch this year	,https://www.eurogamer.net/articles/2020-08-26-puyo-puyo-tetris-2-coming-to-nintendo-switch-this-year
24,26 August 2020,Hello Games' The Last Campfire releases tomorrow	,https://www.eurogamer.net/articles/2020-08-26-hello-games-the-last-campfire-releases-tomorrow
12,26 August 2020,Two previously Japan-only Taiko no Tatsujin rhythm RPGs are being bundled up for Switch	,https://www.eurogamer.net/articles/2020-08-26-two-previously-japan-only-taiko-no-tatsujin-rhythm-rpgs-are-being-bundled-up-for-switch
36,26 August 2020,Here's everything announced in today's Nintendo Direct Mini	,https://www.eurogamer.net/articles/2020-08-26-heres-everything-announced-in-todays-nintendo-direct-mini
0,28 September 2020,"FIFA 21 best midfielders - the best CAM, best CDM, and best CMs in FIFA	",https://www.eurogamer.net/articles/fifa-21-best-midfielders-cam-cdm-cm-7121
9,26 September 2020,Young Impa is playable in Hyrule Warriors: Age of Calamity	,https://www.eurogamer.net/articles/2020-09-26-young-impa-is-playable-in-hyrule-warriors-age-of-calamity
96,27 August 2020,Epic Games snuck in one final iPhone Fortnite update	,https://www.eurogamer.net/articles/2020-08-27-epic-games-snuck-in-one-final-iphone-fortnite-update
0,10 September 2020,Fortnite new map additions in Season 4 explained	,https://www.eurogamer.net/articles/fortnite-map-changes-additions-season-4-7013
21,27 August 2020,Hotshot Racing gets a release date	,https://www.eurogamer.net/articles/2020-08-27-hotshot-racing-gets-a-release-date
3,27 August 2020,"Fortnite's Marvel season is live, with Iron Man and Dr. Doom included	",https://www.eurogamer.net/articles/2020-08-27-fortnites-marvel-season-is-live-with-iron-man-and-dr-doom-playable
27,27 August 2020,Netflix's Resident Evil series will star the Wesker kids	,https://www.eurogamer.net/articles/2020-08-27-netflixs-resident-evil-series-will-star-the-wesker-kids
0,3 September 2020,"Fortnite Quinjet Patrol and Stark Robots: Supply Drones, how to find Quinjet Patrol landing sites and raid a Quinjet in Fornite explained	",https://www.eurogamer.net/articles/fortnite-quinjet-patrol-stark-robots-supply-drones-find-patrol-landing-sites-raid-7013
2,27 August 2020,Flesh-flailing co-op platformer Struggling is the first game from Frontier Development's new publishing label	,https://www.eurogamer.net/articles/2020-08-27-flesh-flailing-co-op-platformer-struggling-is-the-first-game-from-frontier-developments-new-publishing-label
19,27 August 2020,Jurassic World Evolution is heading to Switch in November	,https://www.eurogamer.net/articles/2020-08-27-jurassic-world-evolution-is-heading-to-switch-in-november
5,28 August 2020,Little Nightmares 2 crawls onto screens next February	,https://www.eurogamer.net/articles/2020-08-27-little-nightmares-2-crawls-onto-screens-next-february
11,28 September 2020,Quiplash returns next month in Jackbox Party Pack 7	,https://www.eurogamer.net/articles/2020-09-28-quiplash-returns-next-month-in-jackbox-party-pack-7
14,28 August 2020,"Slipped to 2021, Lego Star Wars: The Skywalker Saga has	",https://www.eurogamer.net/articles/2020-08-28-slipped-to-2021-lego-star-wars-the-skywalker-saga-has
15,28 August 2020,The best Micro SD cards for Nintendo Switch 2020	,https://www.eurogamer.net/articles/digitalfoundry-the-best-micro-sd-cards-for-nintendo-switch-7000
5,28 August 2020,A pair of Nintendo Switch Joy-Cons are just £35 right now	,https://www.eurogamer.net/articles/2020-08-28-a-pair-of-nintendo-switch-joy-cons-are-just-gbp35-right-now-at-amazon
0,27 August 2020,"Fortnite Chapter 2 Season 4 Battle Pass skins, including Thor, Groot, Storm, Mystique and tier 100 skin Iron Man	",https://www.eurogamer.net/articles/fortnite-chapter-2-season-4-battle-pass-skins-thor-groot-storm-mystique-tier-100-skin-iron-man-7013
19,28 August 2020,Chasing the dream of four people in a room	,https://www.eurogamer.net/articles/2020-08-28-hello-games-sean-murray-steven-burgess-last-campfire-interview
0,27 August 2020,Fortnite new Victory Umbrella: The latest Victory Umbrella and others from previous Seasons listed	,https://www.eurogamer.net/articles/fortnite-victory-umbrella-season-win-6003
131,28 August 2020,All the highlights from Gamescom's Opening Night Live	,https://www.eurogamer.net/articles/2020-08-27-watch-gamescoms-opening-night-live-here
90,28 August 2020,Turrican returns with a set of pricey 30th anniversary anthologies	,https://www.eurogamer.net/articles/2020-08-28-turrican-returns-with-a-set-of-pricey-30th-anniversary-anthologies
7,28 August 2020,Chinatown Detective Agency is getting a sizeable free prologue	,https://www.eurogamer.net/articles/2020-08-28-chinatown-detective-agency-is-getting-a-sizeable-free-prologue
9,28 August 2020,Lonely Mountains: Downhill ventures to volcanic Eldfjall Island in its first paid DLC	,https://www.eurogamer.net/articles/2020-08-28-lonely-mountains-downhill-ventures-to-volcanic-eldfjall-island-in-its-first-paid-dlc
36,29 August 2020,"Yes, Streets of Rage 4 DLC is coming but there's no release window just yet	",https://www.eurogamer.net/articles/2020-08-29-yes-streets-of-rage-4-dlc-is-coming-but-theres-no-release-window-just-yet
10,1 September 2020,Marvel fans pay their respects at Fortnite's new Black Panther statue	,https://www.eurogamer.net/articles/2020-09-01-marvel-fans-pay-their-respects-at-fortnites-new-black-panther-statue
14,30 August 2020,Kickstarter for Suikoden spiritual successor Eiyuden Chronicle ends with £3.4m raised	,https://www.eurogamer.net/articles/2020-08-30-kickstarter-for-suikoden-spiritual-successor-eiyuden-chronicle-ends-with-gbp3-4m-raised
0,30 September 2020,New Fish and Bugs in September: Everything arriving and leaving this month in Animal Crossing: New Horizons	,https://www.eurogamer.net/articles/new-bugs-fish-september-arriving-leaving-animal-crossing-new-horizons-7018
14,1 September 2020,Nintendo Switch eShop finally lets you cancel pre-orders	,https://www.eurogamer.net/articles/2020-09-01-nintendo-switch-eshop-finally-lets-you-cancel-pre-orders
51,1 September 2020,You can now download official Biden yard signs in Animal Crossing	,https://www.eurogamer.net/articles/2020-09-01-you-can-now-download-official-biden-yard-signs-in-animal-crossing
0,3 September 2020,Fortnite Investigate mysterious claw marks explained	,https://www.eurogamer.net/articles/fortnite-investigate-mysterious-claw-marks-7013
11,2 September 2020,Ubisoft Forward to re-reveal Gods and Monsters next week	,https://www.eurogamer.net/articles/2020-09-01-ubisoft-forward-to-re-reveal-gods-and-monsters-next-week
0,2 September 2020,"Animal Crossing - Acorns and pine cones: How to get acorns and pine cones, including the acorn DIY recipes in New Horizons explained	",https://www.eurogamer.net/articles/animal-crossing-acorns-pine-cones-how-to-get-acorn-diy-recipes-new-horizons-7018
12,2 September 2020,Fortnite's new Tilted Taxis mode is an enjoyable Crazy Taxi clone	,https://www.eurogamer.net/articles/2020-09-02-fortnites-new-tilted-taxis-mode-is-an-enjoyable-crazy-taxi-clone
31,3 September 2020,Gamescom plots physical return to Cologne in 2021	,https://www.eurogamer.net/articles/2020-09-03-gamescom-plots-physical-return-to-cologne-in-2021
24,3 September 2020,"Spiritfarer dev apologises for ableist writing, pledges to fix storyline	",https://www.eurogamer.net/articles/2020-09-03-spiritfarer-apologises-for-ableist-writing-pledges-to-fix-storyline
158,3 September 2020,"Nintendo confirms Mario 64, Sunshine, Galaxy remasters for Nintendo Switch	",https://www.eurogamer.net/articles/2020-09-03-nintendo-confirms-mario-64-sunshine-galaxy-remasters-for-nintendo-switch
31,4 September 2020,Nintendo's about to release an all-new Game & Watch	,https://www.eurogamer.net/articles/2020-09-03-nintendos-about-to-release-an-all-new-game-and-watch
67,7 September 2020,An all-new Mario Kart is coming to Switch next month	,https://www.eurogamer.net/articles/2020-09-03-an-all-new-mario-kart-is-coming-to-switch-next-month
19,3 September 2020,The Last Campfire review - puzzles abound in an elegant story of hope	,https://www.eurogamer.net/articles/2020-09-03-the-last-campfire-review-puzzles-abound-in-an-elegant-story-of-hope
39,29 August 2020,Lord of the Rings: Gollum is coming to current and next-gen consoles	,https://www.eurogamer.net/articles/2020-08-29-lord-of-the-rings-gollum-is-coming-to-current-and-next-gen-consoles
12,3 September 2020,The original Super Mario Bros. is getting the battle royale treatment	,https://www.eurogamer.net/articles/2020-09-03-the-original-super-mario-bros-is-getting-the-battle-royale-treatment
29,16 September 2020,Super Mario 3D World + Bowser's Fury announced	,https://www.eurogamer.net/articles/2020-09-03-super-mario-3d--world-announced
10,2 September 2020,Someone should make a game about: that weird house in St Moritz with an underground lake	,https://www.eurogamer.net/articles/2020-09-02-someone-should-make-a-game-about-that-weird-house-in-st-moritz-with-an-underground-lake
30,5 September 2020,Raji: An Ancient Epic review - a gorgeous adventure through architecture and myth	,https://www.eurogamer.net/articles/2020-09-02-raji-an-ancient-epic-review-a-gorgeous-adventure-through-architecture-and-myth
0,9 September 2020,Fortnite - Find the Loading Screen picture at a Quinjet Patrol Site explained	,https://www.eurogamer.net/articles/fortnite-find-the-loading-screen-picture-site-7013
0,3 September 2020,Fortnite - Ride a Motorboat under different coloured bridges explained	,https://www.eurogamer.net/articles/fortnite-ride-a-motorboat-under-different-coloured-bridges-7013
83,3 September 2020,Everything announced in Nintendo's Super Mario Bros. 35th Anniversary Direct	,https://www.eurogamer.net/articles/2020-09-03-everything-announced-in-nintendos-super-mario-bros-35th-anniversary-direct
6,3 September 2020,Harmonix's music mixing game Fuser gets November release date	,https://www.eurogamer.net/articles/2020-09-03-harmonixs-music-mixing-game-fuser-gets-november-release-date
22,3 September 2020,Gorgeous Blade Runner-esque delivery thriller Cloudpunk comes to consoles in October	,https://www.eurogamer.net/articles/2020-09-03-gorgeous-blade-runner-esque-delivery-thriller-cloudpunk-comes-to-consoles-in-october
3,3 September 2020,Minecraft Live digital event dated for October	,https://www.eurogamer.net/articles/2020-09-03-minecraft-live-digital-event-dated-for-october
16,3 September 2020,Zero Escape and Danganronpa creators' World's End Club out tomorrow on Apple Arcade	,https://www.eurogamer.net/articles/2020-09-03-zero-escape-and-danganronpa-creators-worlds-end-club-out-tomorrow-on-apple-arcade
43,4 September 2020,I miss Bomberman and I really didn't expect that	,https://www.eurogamer.net/articles/2020-09-04-i-miss-bomberman-and-i-really-didnt-expect-that
19,7 September 2020,Big Streets of Rage 4 update hits after 1.5m downloads	,https://www.eurogamer.net/articles/2020-09-07-big-streets-of-rage-4-update-hits-after-1-5m-downloads
36,8 September 2020,Lair of the Clockwork God review - platform meets adventure with hilarious consequences	,https://www.eurogamer.net/articles/2020-09-07-lair-of-the-clockwork-god-review-platform-meets-adventure-with-hilarious-consequences
41,8 September 2020,Inertial Drift review - a unique and exhilarating arcade racer	,https://www.eurogamer.net/articles/2020-09-07-inertial-drift-review-a-marvel-of-a-racer
18,8 September 2020,Rollercoaster Tycoon 3 Complete Edition headed to PC and Switch	,https://www.eurogamer.net/articles/2020-09-08-rollercoaster-tycoon-3-complete-edition-headed-to-pc-and-switch
97,6 September 2020,Scalpers are selling preorders of Super Mario 3D All-Stars for up to £200	,https://www.eurogamer.net/articles/2020-09-06-scalpers-are-selling-preorders-of-super-mario-3d-all-stars-for-up-to-gbp200
30,5 September 2020,Shenmue anime announced	,https://www.eurogamer.net/articles/2020-09-05-shenmue-anime-announced
26,4 September 2020,Latest Nintendo leaks suggest company mulled portable GameCube	,https://www.eurogamer.net/articles/2020-09-04-latest-nintendo-leaks-suggest-company-mulled-portable-gamecube
91,11 September 2020,Mario Kart Live: Home Circuit costs £100	,https://www.eurogamer.net/articles/2020-09-04-mario-kart-live-home-circuit-costs-gbp100
53,5 September 2020,Here's which Mario Galaxy motion control features are available in Switch's various forms	,https://www.eurogamer.net/articles/2020-09-04-heres-which-mario-galaxy-motion-control-features-are-available-in-switchs-various-forms
31,5 September 2020,"3D Realms announces Graven, the spiritual successor to Hexen 2	",https://www.eurogamer.net/articles/2020-09-05-3d-realms-announces-graven-the-spiritual-successor-to-hexen-2
84,8 September 2020,Surprise! Nintendo just announced a The Legend of Zelda: Breath of the Wild prequel for Switch	,https://www.eurogamer.net/articles/2020-09-08-surprise-nintendo-just-announced-a-the-legend-of-zelda-breath-of-the-wild-prequel-for-switch
32,9 September 2020,Someone should make a game about: Hawkeye (2012)	,https://www.eurogamer.net/articles/2020-09-09-someone-should-make-a-game-about-hawkeye-2012
96,9 September 2020,"As Switch hardware upgrade rumours swirl, Nintendo reportedly asks developers to get games ""4K-ready""	",https://www.eurogamer.net/articles/2020-09-09-as-upgraded-switch-rumours-swirl-nintendo-reportedly-asks-developers-to-get-games-4k-ready
7,10 September 2020,Alternate controllers in a world we can't touch	,https://www.eurogamer.net/articles/2020-09-10-alternate-controllers-in-a-world-we-cant-touch
53,9 September 2020,Now Apple is suing Epic Games for breach of contract	,https://www.eurogamer.net/articles/2020-09-09-now-apple-is-suing-epic-games-for-breach-of-contract
12,10 September 2020,Paradise Killer review - dreamy open-world investigation meets cosmic horror	,https://www.eurogamer.net/articles/2020-09-09-paradise-killer-review
20,10 September 2020,There's an official Fortnite Nintendo Switch console	,https://www.eurogamer.net/articles/2020-09-10-theres-an-official-fortnite-nintendo-switch-console
22,8 September 2020,Here's where Super Mario 3D All-Stars is available to pre-order	,https://www.eurogamer.net/articles/super-mario-3d-all-stars-pre-order
13,10 September 2020,No More Heroes 3 delayed until 2021	,https://www.eurogamer.net/articles/2020-09-10-no-more-heroes-2-delayed-until-2021
1,10 September 2020,Fortnite adds enormous Stark Industries area as Marvel season ramps up	,https://www.eurogamer.net/articles/2020-09-10-fortnite-adds-enormous-stark-industries-area-as-marvel-season-ramps-up
54,15 September 2020,Hotshot Racing review - knockabout arcade racing fun	,https://www.eurogamer.net/articles/2020-09-08-hotshot-racing-review-knockabout-arcade-racing-fun
18,10 September 2020,Chronos: Before the Ashes is the prequel to Remnant: From the Ashes	,https://www.eurogamer.net/articles/2020-09-10-chronos-before-the-ashes-is-the-prequel-to-remnant-from-the-ashes
0,10 September 2020,Fortnite - Panther's Prowl location: Where to find the Black Panther statue	,https://www.eurogamer.net/articles/fortnite-panthers-prowl-location-7013
3,11 September 2020,Desert island sandbox The Survivalists releases next month	,https://www.eurogamer.net/articles/2020-09-10-desert-island-sandbox-the-survivalists-releases-next-month
0,16 September 2020,Here's where Hyrule Warriors: Age of Calamity is available to pre-order	,https://www.eurogamer.net/articles/hyrule-warriors-age-of-calamity-pre-order
0,10 September 2020,Fortnite - Finding Wolverine's Trophy in Dirty Docks explained	,https://www.eurogamer.net/articles/fortnite-finding-wolverines-trophy-in-dirty-docks-7013
18,10 September 2020,"Lionel Messi is still the best footballer in the world, according to FIFA 21	",https://www.eurogamer.net/articles/2020-09-10-lionel-messi-is-still-the-best-footballer-in-the-world-according-to-fifa-21
1,10 September 2020,Ubisoft CEO addresses recent controversies ahead of tonight's livestream	,https://www.eurogamer.net/articles/2020-09-10-ubisoft-ceo-addresses-recent-controversies-ahead-of-tonights-livestream
100,15 September 2020,Ubisoft leaks Prince of Persia: The Sands of Time Remake on Uplay	,https://www.eurogamer.net/articles/2020-09-10-ubisoft-leaks-prince-of-persia-the-sands-of-time-remake-images
32,10 September 2020,Scott Pilgrim vs The World: The Game - Complete Edition announced	,https://www.eurogamer.net/articles/2020-09-10-scott-pilgrim-vs-the-world-the-game-complete-edition-announced
7,11 September 2020,FIFA 21 ditches the long-running EA Sports Football Catalogue	,https://www.eurogamer.net/articles/2020-09-11-fifa-21-ditches-the-long-running-ea-sports-football-catalogue
125,11 September 2020,How I inadvertently got Karen unbanned on Xbox	,https://www.eurogamer.net/articles/2020-09-11-how-i-inadvertently-got-karen-unbanned-on-xbox-this-week
0,11 September 2020,The best full fibre broadband deals September 2020	,https://www.eurogamer.net/articles/full-fibre-broadband-deals
109,12 September 2020,"UK retailer cancels all Super Mario 3D All-Stars pre-orders, blames Nintendo's ""woefully short"" allocation	",https://www.eurogamer.net/articles/2020-09-12-uk-retailer-cancels-all-super-mario-3d-all-stars-pre-orders-blames-nintendos-woefully-short-allocation
27,12 September 2020,Romelu Lukaku sure doesn't like his FIFA 21 rating	,https://www.eurogamer.net/articles/2020-09-12-romelu-lukaku-has-an-interesting-fifa-21-rating-conspiracy-theory
7,13 September 2020,Puyo Puyo Tetris 2 is out later this year with a new adventure mode	,https://www.eurogamer.net/articles/2020-09-13-puyo-puyo-tetris-2-is-out-later-this-year
17,13 September 2020,Stardew Valley creator opens up about the possibility of a sequel	,https://www.eurogamer.net/articles/2020-09-13-stardew-valley-creator-says-he-would-not-be-surprised-if-there-was-a-stardew-valley-2
16,1 October 2020,The best Nintendo Switch deals for September 2020	,https://www.eurogamer.net/articles/best-nintendo-switch-bundle-deals
4,14 September 2020,"Risk of Rain 2 dev details post-launch content plans, including substantial paid expansions	",https://www.eurogamer.net/articles/2020-09-14-risk-of-rain-2-dev-details-post-launch-content-plans-including-substantial-paid-expansions
6,15 September 2020,"Borderlands 3 for £10, Ghost of Tsushima for £40 and more top console game deals	",https://www.eurogamer.net/articles/2020-09-15-borderlands-3-for-gbp10-ghost-of-tsushima-for-gbp40-and-more-top-console-game-deals
20,12 September 2020,Death and chaos with Edith Finch and The Unfinished Swan	,https://www.eurogamer.net/articles/2020-09-12-death-and-chaos-with-edith-finch-and-the-unfinished-swan
18,16 September 2020,Someone should make a game about: Checking medical records in A&E	,https://www.eurogamer.net/articles/2020-09-16-someone-should-make-a-game-about-checking-medical-records-in-a-and-e
20,15 September 2020,Psyonix dates Rocket League's free-to-play launch for next week	,https://www.eurogamer.net/articles/2020-09-15-psyonix-dates-rocket-leagues-free-to-play-launch-for-next-week
29,10 September 2020,Someone should make a game about: the Chinese underworld	,https://www.eurogamer.net/articles/2020-07-29-someone-should-make-a-game-about-the-chinese-underworld
3,29 July 2020,"Take-Two's Private Division publishing new games from Ori, Armello, and OlliOlli devs	",https://www.eurogamer.net/articles/2020-07-29-take-twos-private-division-publishing-new-games-from-ori-armello-and-olliolli-devs
0,30 July 2020,Fortnite Balls of Yarn at Catty Corner locations explained	,https://www.eurogamer.net/articles/fortnite-balls-of-yarn-catty-corner-locations-7013
0,30 July 2020,Fortnite Floating Rings at Weeping Woods explained	,https://www.eurogamer.net/articles/fortnite-floating-rings-at-weeping-woods-7013
0,30 July 2020,"Animal Crossing cloud saves: Island backup, auto saving and save transfers in New Horizons explained	",https://www.eurogamer.net/articles/animal-crossing-cloud-saving-island-recovery-transfer-new-horizons-7018
30,1 August 2020,Two of the world's great toymakers meet in the middle with Lego Super Mario	,https://www.eurogamer.net/articles/2020-08-01-two-of-the-worlds-great-toymakers-meet-in-the-middle-with-lego-super-mario
1,1 August 2020,Atlantis is finally in Fortnite - and it's called Coral Castle	,https://www.eurogamer.net/articles/2020-08-01-atlantis-is-finally-in-fortnite-and-its-called-coral-castle
4,1 August 2020,"Warframe unveils Infested open-world expansion, ability transfer feature	",https://www.eurogamer.net/articles/2020-08-01-warframe-unveils-infested-open-world-area-warframe-ability-transfers
4,30 July 2020,"Spiritfarer shows off new trailer, announces Epic Games Store and Stadia release	",https://www.eurogamer.net/articles/2020-07-30-spiritfarer-releases-new-trailer-announces-epic-games-store-and-stadia-release
25,3 August 2020,Someone's taken apart Lego Mario and the results are terrifying	,https://www.eurogamer.net/articles/2020-08-03-someones-taken-apart-lego-mario-and-the-results-are-terrifying
5,1 August 2020,"Warframe dev on working from home, Necramechs and the wild new Helminth system	",https://www.eurogamer.net/articles/2020-08-01-warframe-tennocon-interview
0,31 August 2020,"New Bugs, Fish and Sea Creatures in August: Everything arriving and leaving this month in Animal Crossing: New Horizons	",https://www.eurogamer.net/articles/new-bugs-fish-sea-creatures-august-arriving-leaving-animal-crossing-new-horizons-7018
49,3 August 2020,Boy in the Striped Pyjamas writer accidentally includes Zelda recipe in new novel	,https://www.eurogamer.net/articles/2020-08-03-boy-in-the-striped-pjyamas-writer-accidentally-includes-zelda-recipe-in-new-novel
46,5 August 2020,EA tackles FIFA 21 toxicity by pulling one of the most annoying celebrations in the game	,https://www.eurogamer.net/articles/2020-08-04-ea-tackles-fifa-21-toxicity-by-pulling-one-of-the-most-annoying-celebrations-in-the-game
15,4 August 2020,FIFA 21 plays a better game of football that will keep fans on-side for now	,https://www.eurogamer.net/articles/2020-08-04-fifa-21-plays-a-better-game-of-football-but-not-much-else
0,30 July 2020,Animal Crossing Dream Suite: How to create a Dream Address and visit islands using Dream Suite in New Horizons explained	,https://www.eurogamer.net/articles/animal-crossing-dream-suite-dream-address-visit-islands-new-horizons-7018
71,5 August 2020,Someone should make a game about: Muscle Men	,https://www.eurogamer.net/articles/2020-07-15-someone-should-make-a-game-about-muscle-men
13,4 August 2020,FIFA 21's search for the most authentic football experience won't extend to empty stadiums	,https://www.eurogamer.net/articles/2020-08-04-fifa-21s-search-for-the-most-authentic-football-experience-wont-extend-to-empty-stadiums
0,4 August 2020,Fortnite's delayed cars update finally fuels up tomorrow	,https://www.eurogamer.net/articles/2020-08-04-fortnites-delayed-cars-update-finally-fuels-up-tomorrow
12,4 August 2020,Crossy Road developer unveils top-down space Western shooter TombStar	,https://www.eurogamer.net/articles/2020-08-04-crossy-road-developer-unveils-top-down-space-western-shooter-tombstar
6,5 August 2020,"Fortnite adds vehicles, refuelling and radio stations	",https://www.eurogamer.net/articles/2020-08-05-fortnite-adds-vehicles-refueling-and-radio-stations
6,5 August 2020,You can already save 10% off the Lego Super Mario sets	,https://www.eurogamer.net/articles/2020-08-05-lego-super-mario-sets-deal
3,19 August 2020,The Nintendo Switch has popped up back in stock	,https://www.eurogamer.net/articles/2020-06-15-nintendo-switch-in-stock
0,5 August 2020,Fortnite Coral Buddies quest location explained	,https://www.eurogamer.net/articles/fortnite-coral-buddies-quest-location-7013
0,5 August 2020,Fortnite car locations: Where to find vehicles and car types in Fortnite explained	,https://www.eurogamer.net/articles/fortnite-car-locations-where-find-vehicles-7013
68,6 August 2020,The latest Animal Crossing: New Horizons sales are just astonishing	,https://www.eurogamer.net/articles/2020-08-06-the-latest-animal-crossing-new-horizons-sales-are-just-astonishing
0,6 August 2020,Fortnite Drive a car from Retail Row to Pleasant Park in under four minutes explained	,https://www.eurogamer.net/articles/fortnite-drive-a-retail-row-pleasant-park-under-four-minutes-7013
0,7 September 2020,Amazon Prime Day Nintendo Switch deals 2020: What to expect	,https://www.eurogamer.net/articles/best-amazon-prime-day-nintendo-switch-deals-6036
3,6 August 2020,Tetris 99 gives second chance to unlock three limited-time Nintendo themes from next week	,https://www.eurogamer.net/articles/2020-08-06-tetris-99-giving-second-chance-to-unlock-three-limited-time-nintendo-themes-next-week
26,6 August 2020,Braid is getting an Anniversary Edition with redrawn art and a developer commentary	,https://www.eurogamer.net/articles/2020-08-06-braid-is-getting-an-anniversary-edition-with-redrawn-art-and-a-dev-commentary
0,7 August 2020,Fortnite Ancient Astronaut secret challenges: Ancient ship part locations and how to launch the Ancient Ship explained	,https://www.eurogamer.net/articles/fortnite-ancient-astronaut-secret-challenges-ancient-ship-part-locations-how-to-launch-7013
87,5 August 2020,Pikmin 3 Deluxe for Nintendo Switch includes extra Olimar missions	,https://www.eurogamer.net/articles/2020-08-05-pikmin-3-deluxe-for-nintendo-switch-includes-extra-olimar-missions
8,30 July 2020,Here's a mega bundle of Switch accessories for under £20	,https://www.eurogamer.net/articles/2020-07-30-nintendo-switch-accessories-mega-bundle
45,9 August 2020,The joy of melee	,https://www.eurogamer.net/articles/2020-08-09-the-joy-of-melee
0,5 August 2020,Fortnite gas station locations: How to refuel a car in Fortnite explained	,https://www.eurogamer.net/articles/fortnite-gas-station-locations-how-refuel-7013
32,7 August 2020,"Focus Interactive responds to ""serious allegations"" of crunch, harassment, abuse at Aeon Must Die studio	",https://www.eurogamer.net/articles/2020-08-07-focus-interactive-responds-to-serious-allegations-of-crunch-harassment-abuse-at-aeon-must-die-studio
27,8 August 2020,One night in Akane has lasted me 15 hours	,https://www.eurogamer.net/articles/2020-08-08-one-night-in-akane-has-lasted-me-15-hours
0,9 August 2020,"Animal Crossing Fireworks Show: Raffle prizes, how long it lasts and custom fireworks in New Horizons explained	",https://www.eurogamer.net/articles/animal-crossing-fireworks-show-custom-fireworks-long-lasts-raffle-prizes-new-horizons-7018
15,10 August 2020,EA has finally removed fitness items from Ultimate Team for FIFA 21	,https://www.eurogamer.net/articles/2020-08-10-ea-has-finally-removed-fitness-items-from-fifa-ultimate-team-for-fifa-21
10,9 August 2020,"Deadly Premonition 2 is ""so much better now"" following latest Switch patch	",https://www.eurogamer.net/articles/2020-08-09-deadly-premonition-2-is-so-much-better-now-now-the-latest-patch-addresses-framerate-issues
6,11 August 2020,Cat Quest 2 gets free Challenge Mode and more to celebrate International Cat Day	,https://www.eurogamer.net/articles/2020-08-10-cat-quest-2-gets-free-challenge-mode-and-more-to-celebrate-international-cat-day
1,10 August 2020,FIFA 21 Ultimate Team introduces a Division Rivals weekly match cap	,https://www.eurogamer.net/articles/2020-08-10-fifa-21-ultimate-team-introduces-a-division-rivals-weekly-match-cap
5,14 August 2020,You can get 15% off at The Game Collection this week	,https://www.eurogamer.net/articles/2020-08-11-you-can-save-15-percent-off-at-the-game-collection-this-week
0,11 August 2020,"Animal Crossing fossil list: how many fossils, how to find fossils and every fossil price in New Horizons explained	",https://www.eurogamer.net/articles/animal-crossing-fossil-list-how-many-fossils-find-price-new-horizons-7018
12,11 August 2020,Memory and perspective converge in I Am Dead	,https://www.eurogamer.net/articles/2020-08-11-memory-and-perspective-converge-in-i-am-dead
1,11 August 2020,Over the Alps coming to Switch this month	,https://www.eurogamer.net/articles/2020-08-11-over-the-alps-switch-release-date
35,12 August 2020,SNK's handheld classics work just brilliantly on the Switch	,https://www.eurogamer.net/articles/2020-08-12-snks-og-demakes-work-just-brilliantly-on-the-switch
3,11 August 2020,"Minecraft Dungeons is getting daily missions, more merchants	",https://www.eurogamer.net/articles/2020-08-11-minecraft-dungeons-is-getting-daily-missions-more-merchants
25,11 August 2020,PlanetSide 2 studio buys developer making Alien game	,https://www.eurogamer.net/articles/2020-08-11-planetside-2-studio-buys-developer-making-alien-game
8,12 August 2020,Someone should make a game about: The Devil's Causeway	,https://www.eurogamer.net/articles/2020-08-12-someone-should-make-a-game-about-the-devils-causeway
15,13 August 2020,Meet the Resident Evil superfan who's spent a decade putting together a 2700-page timeline of the entire series	,https://www.eurogamer.net/articles/2020-08-12-meet-the-resident-evil-superfan-whos-spent-a-decade-putting-together-a-2700-page-timeline-of-the-entire-series
23,12 August 2020,Dead Cells gets new distillery biome in free Barrels of Fun update	,https://www.eurogamer.net/articles/2020-08-12-dead-cells-gets-new-distillery-biome-in-free-barrels-of-fun-update
16,13 August 2020,"Metro dev 4A Games bought by Deep Silver parent, mentions multiplayer	",https://www.eurogamer.net/articles/2020-08-13-metro-dev-4a-games-bought-by-deep-silver-parent-mentions-multiplayer
0,13 August 2020,"Animal Crossing Harv's Island: how to unlock Harv's Island, Photopia, villager posters, Dodo delivery and liquidation in New Horizons explained	",https://www.eurogamer.net/articles/animal-crossing-harvs-island-unlock-photopia-villager-posters-dodo-delivery-liquidation-new-horizons-7018
0,13 August 2020,Fortnite - Gas up a vehicle at Catty Corner explained	,https://www.eurogamer.net/articles/fortnite-gas-up-a-vehicle-at-catty-corner-7013
0,13 August 2020,Fortnite - Stoke campfires at Camp Cod locations explained	,https://www.eurogamer.net/articles/fortnite-stoke-campfires-at-camp-cod-locations-7013
14,13 August 2020,There's more than a bit of Football Manager in FIFA 21's Career Mode	,https://www.eurogamer.net/articles/2020-08-13-heres-our-first-look-at-fifa-21s-football-manager-style-career-mode
30,18 August 2020,TalkTalk's latest 145Mb fibre broadband deal is only £30 per month	,https://www.eurogamer.net/articles/2020-08-13-talktalk-fibre-broadband-deal-145mb-download-30-gbp
234,14 August 2020,"Fortnite adds cheaper mobile payment option to circumvent Apple, Google fees	",https://www.eurogamer.net/articles/2020-08-13-fortnite-adds-cheaper-mobile-payment-option-to-circumvent-apple-google-fees
29,14 August 2020,EA Origin and Access rebrand to EA Play	,https://www.eurogamer.net/articles/2020-08-14-ea-origin-and-access-rebrand-to-ea-play
62,15 August 2020,"Grand Theft Auto 5 sold over 400,000 copies during lockdown in the UK alone	",https://www.eurogamer.net/articles/2020-08-15-grand-theft-auto-5-sold-over-400-000-copies-during-lockdown-in-the-uk-alone
18,15 August 2020,"Fortnite gets The Joker, Poison Ivy and Midas Rex skins this November	",https://www.eurogamer.net/articles/2020-08-15-fortnite-is-getting-the-joker-poison-ivy-and-midas-rex-skins-this-november
33,22 August 2020,Getting off the Road: the apocalypse games of Cormac McCarthy	,https://www.eurogamer.net/articles/2020-08-03-the-apocalypse-games-of-cormac-mccarthy
3,15 August 2020,Skullgirls 2nd Encore gets a new character in 2021	,https://www.eurogamer.net/articles/2020-08-15-skullgirls-2nd-encore-gets-a-new-character-in-2021
31,16 August 2020,Another leak reveals Need for Speed: Hot Pursuit remaster will release in November	,https://www.eurogamer.net/articles/2020-08-16-another-leak-reveals-need-for-speed-hot-pursuit-remaster-will-release-in-november
10,16 August 2020,Here's when you can sample the NBA 2K21 demo	,https://www.eurogamer.net/articles/2020-08-16-heres-when-you-can-you-sample-the-nba-2k21-demo
51,17 August 2020,"Florida tourist attraction sues Fortnite, seeks removal of in-game castle	",https://www.eurogamer.net/articles/2020-08-17-florida-tourist-attraction-sues-fortnite-seeks-removal-of-in-game-castle
288,18 August 2020,"Epic injunction says it'll be ""irreparably harmed"" by Apple's actions following Fortnite stunt	",https://www.eurogamer.net/articles/2020-08-17-epic-injunction-says-itll-be-irreparably-harmed-by-apples-actions-following-fortnite-stunt
8,18 August 2020,Firewatch is taking another stab at a film adaptation	,https://www.eurogamer.net/articles/2020-08-17-firewatch-is-taking-another-stab-at-a-film-adaptation
15,18 August 2020,The Hori Split Pad Pro for Switch is getting some new colours	,https://www.eurogamer.net/articles/2020-08-18-the-hori-split-pad-pro-for-switch-is-getting-some-new-colours
10,18 August 2020,The exquisite A Short Hike is out on Switch today	,https://www.eurogamer.net/articles/2020-08-18-the-exquisite-a-short-hike-is-out-on-switch-today
17,18 August 2020,Untitled Goose Game is getting co-op multiplayer	,https://www.eurogamer.net/articles/2020-08-18-untitled-goose-game-is-getting-co-op-multiplayer
2,18 August 2020,"Beautiful ""cosy game about dying"" Spiritfarer gets a surprise release today	",https://www.eurogamer.net/articles/2020-08-18-beautiful-cosy-game-about-dying-spiritfarer-gets-a-surprise-release-today
24,18 August 2020,"Spiritfarer review - a beautiful, unique blend of genres	",https://www.eurogamer.net/articles/2020-08-18-spiritfarer-review-a-beautiful-unique-blend-of-genres
2,18 August 2020,Chucklefish's Apple Arcade platformer Inmost headed to PC and Nintendo Switch this week	,https://www.eurogamer.net/articles/2020-08-18-chucklefishs-apple-arcade-platformer-inmost-headed-to-pc-and-nintendo-switch-this-week
8,18 August 2020,Golf Story follow-up Sports Story delayed indefinitely	,https://www.eurogamer.net/articles/2020-08-17-golf-story-follow-up-sport-story-delayed-indefinitely
46,18 August 2020,Watch Nintendo's Switch indie presentation here	,https://www.eurogamer.net/articles/2020-08-17-nintendos-next-switch-indie-presentation-tomorrow
18,13 August 2020,Dead by Daylight now supports cross-play between PC and consoles	,https://www.eurogamer.net/articles/2020-08-13-dead-by-daylight-now-supports-cross-play-between-pc-and-consoles
16,19 August 2020,Underwater survival horror Subnautica is coming to Switch next year	,https://www.eurogamer.net/articles/2020-08-18-underwater-survival-horror-subnautica-is-coming-to-switch-next-year
22,19 August 2020,Here's everything announced in tonight's Nintendo indie showcase	,https://www.eurogamer.net/articles/2020-08-18-heres-everything-announced-in-tonights-nintendo-indie-showcase
14,19 August 2020,Nintendo Indie World sale kicks off at the Switch eShop	,https://www.eurogamer.net/articles/2020-08-19-nintendo-indie-world-sale
15,19 August 2020,The Stanley Parable's Ultra Deluxe Edition has been delayed until next year (again)	,https://www.eurogamer.net/articles/2020-08-19-the-stanley-parables-ultra-deluxe-edition-has-been-delayed-until-next-year-again
19,19 August 2020,National Video Game Museum re-opens this week after coronavirus left future uncertain	,https://www.eurogamer.net/articles/2020-08-19-national-video-game-museum-re-opens-this-week-after-coronavirus-left-future-uncertain
6,21 August 2020,Lair of the Clockwork God is coming to consoles really soon	,https://www.eurogamer.net/articles/2020-08-21-lair-of-the-clockwork-god-is-coming-to-consoles-really-soon
2,27 August 2020,This 128GB Nintendo Switch SD card is now only £18	,https://www.eurogamer.net/articles/2020-08-20-cheap-nintendo-switch-sd-card-deal
6,17 August 2020,Master Roshi confirmed for Dragon Ball FighterZ	,https://www.eurogamer.net/articles/2020-08-17-master-roshi-confirmed-for-dragon-ball-fighterz
29,22 August 2020,An investigation into Blathers	,https://www.eurogamer.net/articles/2020-08-22-an-investigation-into-blathers
16,24 August 2020,There's a new Sonic the Hedgehog double pack coming to Nintendo Switch	,https://www.eurogamer.net/articles/2020-08-23-theres-a-new-sonic-the-hedgehog-double-pack-coming-to-nintendo-switch
7,7 September 2020,Here's a great price for a Nintendo Switch with Animal Crossing: New Horizons	,https://www.eurogamer.net/articles/2020-08-24-nintendo-switch-deal-animal-crossing-new-horizons-bundle
18,24 August 2020,Original Wonder Boy director returning for new series entry Asha in Monster World	,https://www.eurogamer.net/articles/2020-08-24-original-wonder-boy-director-returning-for-new-series-entry-asha-in-monster-world
28,24 August 2020,"FIFA's greatest obstacles? Thomas Müller, ugly football, and you	",https://www.eurogamer.net/articles/2020-08-24-fifas-greatest-obstacles-thomas-muller-ugly-football-and-you
19,15 August 2020,Can modding and overclocking improve Crysis Remastered on Switch?	,https://www.eurogamer.net/articles/digitalfoundry-2020-crysis-remastered-switch-modding-and-overclocking-analysis
10,26 August 2020,No Straight Roads review - a quirky but overly simplistic action-adventure	,https://www.eurogamer.net/articles/2020-08-25-no-straight-roads-review-a-quirky-but-overly-simplistic-action-adventure
35,19 August 2020,Someone should make a game about: Orchestras	,https://www.eurogamer.net/articles/2020-08-18-someone-should-make-a-game-about-orchestras
0,26 August 2020,"Fortnite Chapter 2 Season 4 estimated release time, teasers and possible theme, and everything else we know about the new Fortnite season	",https://www.eurogamer.net/articles/fortnite-chapter-2-season-4-release-time-teaser-7013
3,16 September 2020,Here are the best bits of PAX Online x EGX Digital so far	,https://www.eurogamer.net/articles/2020-09-16-here-are-the-best-bits-of-pax-online-x-egx-digital-so-far
231,17 September 2020,Super Mario 3D All-Stars review - three great games in one lacklustre compilation	,https://www.eurogamer.net/articles/2020-09-16-super-mario-3d-all-stars-review-three-great-games-in-one-lacklustre-compilation
15,16 September 2020,Donkey Kong Country 2 drops onto Nintendo Switch Online next week	,https://www.eurogamer.net/articles/2020-09-16-donkey-kong-country-2-drops-onto-nintendo-switch-online-next-week
129,22 August 2020,Ubisoft ditches physical game discs for its Xbox Collector's Editions in the UK	,https://www.eurogamer.net/articles/2020-08-22-ubisoft-ditches-physical-game-discs-for-its-xbox-collectors-editions-in-the-uk
5,24 August 2020,Children of Morta adds adorable animals to pet in Paws and Claws charity DLC	,https://www.eurogamer.net/articles/2020-08-24-children-of-morta-adds-adorable-animals-to-pet-in-paws-and-claws-charity-dlc
1,17 September 2020,"Neon Noodles is cyberpunk, distilled	",https://www.eurogamer.net/articles/2020-09-17-neon-noodles-is-cyberpunk-distilled
0,17 September 2020,Fortnite - The Collection location: Where to destroy Collector Cases explained	,https://www.eurogamer.net/articles/fortnite-the-collection-location-destroy-collector-cases-7013
79,17 September 2020,"Super Mario 3D All-Stars: remasters, emulation - or a mixture of both?	",https://www.eurogamer.net/articles/digitalfoundry-2020-super-mario-3d-all-stars-switch-tech-review
2,17 September 2020,Monster Hunter Stories 2 coming to Switch next year	,https://www.eurogamer.net/articles/2020-09-17-monster-hunter-stories-2-wings-of-ruin-coming-to-switch-next-year
29,2 October 2020,"Monster Hunter Rise has rideable dog, out on Switch next year	",https://www.eurogamer.net/articles/2020-09-17-monster-hunter-rise-has-rideable-dog-out-on-switch-next-year
2,17 September 2020,"Nintendo Switch upcoming 2020 games list, plus all Switch Online NES and SNES games listed	",https://www.eurogamer.net/articles/2020-01-06-nintendo-switch-upcoming-games-list-release-dates
0,18 September 2020,"Spinch is a spiralling marriage of psychedelia, precision and rhythm	",https://www.eurogamer.net/articles/2020-09-18-spinch-is-a-spiralling-marriage-of-psychedelia-precision-and-rhythm
61,21 September 2020,Hades review - Of myth and mayhem	,https://www.eurogamer.net/articles/2020-09-17-hades-review-of-myth-and-mayhem
51,18 September 2020,Rayman creator Michel Ancel quits video games to work on wildlife sanctuary	,https://www.eurogamer.net/articles/2020-09-18-rayman-creator-michel-ancel-quits-video-games-industry-to-work-on-wildlife-sanctuary
315,20 September 2020,The top 10 games of the generation	,https://www.eurogamer.net/articles/2020-09-18-the-top-10-games-of-the-generation
16,18 September 2020,id Software talk Doom Eternal's Ancient Gods DLC with DF's John Linneman	,https://www.eurogamer.net/articles/2020-09-18-id-software-talk-doom-eternals-ancient-gods-dlc-with-dfs-john-linneman
19,19 September 2020,Martin talks the resurgence of racing games with some of the UK's top talent	,https://www.eurogamer.net/articles/2020-09-19-martin-talks-the-resurgence-of-racing-games-with-some-the-uks-top-talent
88,19 September 2020,"So long, ""gay Bowser"" - fans lament the loss of Mario 64's most famous line in Super Mario 3D All-Stars	",https://www.eurogamer.net/articles/2020-09-19-mario-doesnt-shout-gay-bowser-in-super-mario-3d-all-stars-mario-64
6,16 September 2020,Here's a secret code to unlock an 8-bit track for Avicii Invector on Nintendo Switch	,https://www.eurogamer.net/articles/2020-09-16-heres-a-secret-code-to-unlock-an-8-bit-track-for-avicii-invector-on-nintendo-switch
31,22 September 2020,"Breaking with tradition, EA confirms no FIFA 21 demo	",https://www.eurogamer.net/articles/2020-09-22-breaking-with-tradition-ea-confirms-no-fifa-21-demo
3,21 September 2020,JRPG classic The World Ends With You's anime adaption gets a new trailer	,https://www.eurogamer.net/articles/2020-09-21-jrpg-classic-the-world-ends-with-yous-anime-adaption-gets-a-new-trailer
51,22 September 2020,Fortnite's about to host the world's biggest boy band	,https://www.eurogamer.net/articles/2020-09-22-fortnites-about-to-host-the-worlds-biggest-boy-band
1,17 September 2020,Fortnite - Sentinel Hands explained: How to launch off all Sentinel Hands without touching the ground explained	,https://www.eurogamer.net/articles/fortnite-launch-off-all-sentinel-hands-without-touching-the-ground-7013
0,23 September 2020,"Rocket League free-to-play release time, plus Season 1 update detailed	",https://www.eurogamer.net/articles/rocket-league-free-to-play-season-1-release-update-7049
0,22 September 2020,"Rocket League 'Llama-Rama' Fortnite event dates, times and rewards explained	",https://www.eurogamer.net/articles/rocket-league-fortnite-llama-rama-event-start-rewards-7049
0,23 September 2020,Animal Crossing Mahi-mahi: How to catch a Mahi-mahi and find the pier location in New Horizons	,https://www.eurogamer.net/articles/animal-crossing-mahi-mahi-catch-find-pier-location-new-horizons-7018
0,23 September 2020,Animal Crossing Salmon and King Salmon: How to catch a salmon or a king salmon at the river mouth in New Horizons	,https://www.eurogamer.net/articles/animal-crossing-salmon-king-salmon-how-to-catch-river-mouth-new-horizons-7018
0,23 September 2020,Animal Crossing Barreleye: How to catch barreleyes in New Horizons	,https://www.eurogamer.net/articles/animal-crossing-barreleye-how-to-catch-barreleyes-new-horizons-7018
18,18 September 2020,Everything shown in today's Nintendo Direct mini	,https://www.eurogamer.net/articles/2020-09-17-everything-shown-in-todays-nintendo-direct-mini
8,21 September 2020,Blizzard announces digital BlizzCon for February 2021	,https://www.eurogamer.net/articles/2020-09-21-blizzards-announces-digital-blizzcon-for-february-2021
0,23 September 2020,Animal Crossing Ocean Sunfish: How to catch the Ocean Sunfish in New Horizons	,https://www.eurogamer.net/articles/animal-crossing-ocean-sunfish-new-horizons-7018
39,23 September 2020,R-Type Final 2 launches spring 2021	,https://www.eurogamer.net/articles/2020-09-23-r-type-final-2-launches-spring-2021
0,23 September 2020,"Animal Crossing Sharks: How to catch a Saw Shark, Hammerhead Shark, Great White Shark, Whale Shark and a Suckerfish in New Horizons	",https://www.eurogamer.net/articles/animal-crossing-sharks-saw-shark-hammerhead-great-white-whale-suckerfish-new-horizons-7018
8,23 September 2020,Mortal Kombat 11 datamine sounds a lot like a 1995 movie cast voice pack	,https://www.eurogamer.net/articles/2020-09-23-mortal-kombat-11-datamine-sounds-a-lot-like-a-1995-movie-cast-voice-pack
0,23 September 2020,Animal Crossing Turtles: How to catch a Soft-shelled Turtle and Snapping Turtle in New Horizons	,https://www.eurogamer.net/articles/animal-crossing-turtles-catch-soft-shelled-turtle-snapping-turtle-new-horizons-7018
11,23 September 2020,Here's what's happening in Rocket League's Fortnite crossover event this weekend	,https://www.eurogamer.net/articles/2020-09-23-heres-whats-happening-in-rocket-leagues-fortnite-crossover-event-this-weekend
29,23 September 2020,"Sorry, Leeds fans - FIFA 21 doesn't have Elland Road at launch	",https://www.eurogamer.net/articles/2020-09-23-sorry-leeds-fans-fifa-21-doesnt-have-elland-road-at-launch
30,21 September 2020,Hades has sold 1m copies	,https://www.eurogamer.net/articles/2020-09-21-hades-has-sold-1m-copies
0,23 September 2020,Animal Crossing Coelacanth: How to catch a Coelacanth in New Horizons	,https://www.eurogamer.net/articles/animal-crossing-coelacanth-how-catch-coelacanth-new-horizons-7018
12,24 September 2020,Nintendo lists unannounced Kirby Fighters 2 for Switch	,https://www.eurogamer.net/articles/2020-09-23-nintendo-lists-unannounced-kirby-fighters-2-for-nintendo-switch
10,25 September 2020,Spellbreak is Battle Royale but everyone's a wizard	,https://www.eurogamer.net/articles/2020-09-25-spellbreak-is-battle-royale-but-everyones-a-wizard
4,25 September 2020,Animal Crossing gets spooky with a big Halloween update	,https://www.eurogamer.net/articles/2020-09-25-animal-crossing-gets-spooky-with-a-big-halloween-update
112,25 September 2020,Sports Interactive boss explains why Football Manager 2021 is on Xbox Series X but not PlayStation 5	,https://www.eurogamer.net/articles/2020-09-25-sports-interactive-boss-explains-why-football-manager-2021-is-on-xbox-series-x-but-not-playstation-5
0,24 September 2020,Fortnite - Locate a Trask Transport Truck explained	,https://www.eurogamer.net/articles/fortnite-locate-a-trask-transport-truck-7013
4,26 September 2020,Annapurna Interactive's lovely afterlife puzzler I am Dead gets October release date	,https://www.eurogamer.net/articles/2020-09-25-annapurna-interactives-lovely-afterlife-puzzler-i-am-dead-gets-october-release-date
29,23 September 2020,"The Game Awards will be held in LA, London and Tokyo this December	",https://www.eurogamer.net/articles/2020-09-23-the-game-awards-will-be-held-in-la-london-and-tokyo-this-december
3,23 September 2020,"Rocket League Season 1 Rocket Pass cars, wheels and other rewards, including tier 70 Harbinger GXT	",https://www.eurogamer.net/articles/rocket-league-season-1-rocket-pass-cars-wheels-boosts-decals-7049
0,28 September 2020,Nintendo and Sony to feature in Amazon Prime Day 2020	,https://www.eurogamer.net/articles/2020-09-28-nintendo-sony-amazon-prime-day-2020
0,28 September 2020,"FIFA 21 best defenders - the best CB, LB, RB and Wing Backs in FIFA	",https://www.eurogamer.net/articles/fifa-21-best-defenders-cbs-lbs-rbs-wing-backs-7121
0,28 September 2020,FIFA 21 best goalkeepers - the best GKs and keepers in FIFA	,https://www.eurogamer.net/articles/fifa-21-best-goalkeepers-gks-keepers-7121
7,29 September 2020,It looks like more news on Pokémon Sword and Shield's Crown Tundra expansion is coming tomorrow	,https://www.eurogamer.net/articles/2020-09-28-it-looks-like-more-on-pokemon-sword-and-shields-crown-tundra-expansion-is-coming-tomorrow
76,26 September 2020,New report says Michel Ancel left Ubisoft amid investigation into his toxic behaviour	,https://www.eurogamer.net/articles/2020-09-25-new-report-says-michel-ancel-left-ubisoft-amid-investigation-into-his-toxic-behaviour
5,29 September 2020,Shock! Rain Games has announced Teslagrad 2	,https://www.eurogamer.net/articles/2020-09-29-shock-rain-games-has-announced-teslagrad-2
4,29 September 2020,Pokémon Sword and Shield The Crown Tundra expansion due October	,https://www.eurogamer.net/articles/2020-09-29-pokemon-sword-and-shield-the-crown-tundra-expansion-out-22nd-oct
0,30 September 2020,Pokémon Sword and Shield Ash Hat Pikachu code: Our in-progress Ash Hat Pikachu code list and how to download Ash Hat Pikachu explained	,https://www.eurogamer.net/articles/pokemon-sword-shield-ash-hat-pikachu-distribution-codes-pikachus-code-list-download-7005
19,30 September 2020,Someone should make a game about: the Isle of Rust	,https://www.eurogamer.net/articles/2020-09-30-someone-should-make-a-game-about-the-isle-of-rust
7,29 September 2020,"Torchlight 3 arrives next month for PC, PS4, Xbox One	",https://www.eurogamer.net/articles/2020-09-29-torchlight-3-arrives-next-month-for-pc-ps4-xbox-one
9,30 September 2020,Oddworld: New 'n' Tasty gets October release date on Switch	,https://www.eurogamer.net/articles/2020-09-30-oddworld-new-n-tasty-gets-october-release-date-on-switch
78,26 September 2020,Ori and the Will of the Wisps: inside an 'impossible' Switch port	,https://www.eurogamer.net/articles/digitalfoundry-2020-ori-and-the-will-of-the-wisps-switch-inside-an-impossible-port
11,29 September 2020,"Get 20 per cent off all SteelSeries headsets, mice and keyboards	",https://www.eurogamer.net/articles/digitalfoundry-2020-09-29-20-per-cent-off-steelseries-headsets-mice-keyboards
94,1 October 2020,"Save £300 on the LG CX OLED, our top 4K TV pick for gaming	",https://www.eurogamer.net/articles/digitalfoundry-2020-09-30-lg-cx-oled-300-off-perfect-for-ps5-series-x
3,1 October 2020,"FIFA 21 EA Play early access release time, pre-download time and all release dates explained	",https://www.eurogamer.net/articles/fifa-21-release-time-download-7121
2,30 September 2020,Pokémon Go gets Pokémon Home integration by end of 2020	,https://www.eurogamer.net/articles/2020-09-29-pokemon-go-gets-pokemon-home-integration-by-end-of-2020
15,30 September 2020,Nintendo decides not to delete Jump Rope Challenge from the eShop today	,https://www.eurogamer.net/articles/2020-09-30-nintendo-decides-not-to-delete-jump-rope-challenge-from-the-eshop-today
0,30 September 2020,Animal Crossing patch notes: What's new in update 1.5 in New Horizons	,https://www.eurogamer.net/articles/2020-07-03-animal-crossing-patch-notes-update-7018
0,30 September 2020,"Animal Crossing Spooky Furniture series: How to find spooky furniture, and spooky furniture DIY recipes explained	",https://www.eurogamer.net/articles/animal-crossing-spooky-furniture-series-how-find-diy-recipes-7018
0,30 September 2020,"Animal Crossing Pumpkins: How to grow pumpkins, pumpkin colours and how to use pumpkins in New Horizons explained	",https://www.eurogamer.net/articles/animal-crossing-pumpkins-how-to-grow-pumpkin-colours-new-horizons-7018
35,1 October 2020,Super Smash Bros. Ultimate will unveil its next fighter tomorrow	,https://www.eurogamer.net/articles/2020-09-30-super-smash-bros-ultimate-will-unveil-its-next-fighter-tomorrow
1,30 September 2020,Delightful toy train set builder Tracks is heading to Switch in November	,https://www.eurogamer.net/articles/2020-09-30-delightful-toy-train-set-builder-tracks-is-heading-to-switch-in-november
53,1 October 2020,Getting an unexpected education in Oblivion	,https://www.eurogamer.net/articles/2020-09-30-getting-an-unexpected-education-in-oblivion
3,1 October 2020,These new Nintendo Switch bundles include Super Mario 3D All-Stars	,https://www.eurogamer.net/articles/2020-10-01-nintendo-switch-bundles-super-mario-3d-all-stars
1,2 October 2020,Here's where you can pre-order Monster Hunter Rise - including Deluxe and Collector's Edition	,https://www.eurogamer.net/articles/monster-hunter-rise-pre-order-deluxe-collectors-edition
127,30 September 2020,Fans hit out at EA for promoting FIFA microtransactions in magazines for children	,https://www.eurogamer.net/articles/2020-09-27-fans-hit-out-at-ea-for-promoting-fifa-microtransactions-in-magazines-for-children
2,1 October 2020,New Bugs and Fish in October: Everything arriving and leaving this month in Animal Crossing: New Horizons	,https://www.eurogamer.net/articles/new-bugs-fish-sea-creatures-october-arriving-leaving-month-animal-crossing-new-horizons-7018
22,1 October 2020,The marvellous Horace is finally coming to Switch	,https://www.eurogamer.net/articles/2020-10-01-the-marvellous-horace-is-finally-coming-to-switch
42,1 October 2020,The next Super Smash Bros. Ultimate character is...	,https://www.eurogamer.net/articles/2020-10-01-the-next-super-smash-bros-ultimate-character-is
0,1 October 2020,Fortnite Defeat Wolverine: Wolverine's location and how to defeat Wolverine explained	,https://www.eurogamer.net/articles/fortnite-defeat-wolverine-wolverines-location-7013
7,1 October 2020,FIFA 21 trial causes EA Play to crash - but there's a workaround	,https://www.eurogamer.net/articles/2020-10-01-fifa-21-trial-causes-ea-play-to-crash-but-theres-a-workaround
0,1 October 2020,Fortnite Wolverine skin: How to unlock Wolverine and the Classic Wolverine variant by completing weekly challenges explained	,https://www.eurogamer.net/articles/fortnite-wolverine-skin-unlock-classic-variant-weekly-challenges-7013
0,1 October 2020,Animal Crossing Body Paint and Eye Colour: Where to purchase new eye colours and body paint in New Horizons	,https://www.eurogamer.net/articles/animal-crossing-costumes-body-paint-eye-colour-where-purchase-new-horizons-7018
0,1 October 2020,Super Smash Bros Ultimate character unlock guide and Smash Bros character list	,https://www.eurogamer.net/articles/2019-04-18-super-smash-bros-ultimate-characters-switch-5778
0,1 October 2020,"Animal Crossing Halloween: Dates, event and rewards in New Horizons explained	",https://www.eurogamer.net/articles/animal-crossing-halloween-dates-event-rewards-new-horizons-7018
2,2 October 2020,"Minecraft Smash Bros. talks began ""at least five"" years ago	",https://www.eurogamer.net/articles/2020-10-02-minecraft-smash-bros-talks-began-at-least-five-years-ago
2,3 October 2020,How The Animal Crossing Diaries are chronicling the pandemic	,https://www.eurogamer.net/articles/2020-09-18-how-the-animal-crossing-diaries-are-chronicling-the-pandemic
27,3 October 2020,It's game over for Nintendo Switch hacker Gary Bowser	,https://www.eurogamer.net/articles/2020-10-03-its-game-over-for-nintendo-switch-hacker-gary-bowser
17,2 October 2020,Here's a look inside a Mario Kart Live prototype	,https://www.eurogamer.net/articles/2020-10-02-heres-a-look-inside-a-mario-kart-live-prototype
